{
  "loop": {
    "Kp": 5.071125441424069,
    "Ki": 0.26532704139250807,
    "wz_khz": 866.0254037844389
  },
  "jitter_time_fs": 88.2198686537406,
  "jitter_freq_fs_same_band": 87.43664397562615,
  "band": [
    1000.0,
    49400000.0
  ],
  "per_source_fs": {
    "vco": 67.51778467990995,
    "ref": 44.82376598868554,
    "dtc": 31.073354393893638,
    "mmd": 22.985388444924748,
    "spd": 18.257943027908986
  },
  "parseval_var_time": 1.4982911258204249e-05,
  "parseval_var_psd": 1.428285926281152e-05
}