{
  "loop": {
    "zeta": 0.9659258262890679,
    "wn_mhz": 0.7764571353075627,
    "overshoot_pct": 24.829777288511856,
    "settle_us": 1.1346153846153848
  },
  "spur": {
    "full_dbc": -55.921404092351764
  },
  "fom_db": -249.62703443280782
}